<?xml version="1.0" encoding="ISO-8859-1"?>
<metadata>
	<idinfo>
		<citation>
			<citeinfo>
				<origin>World Resources Institute</origin>
				<pubdate>2004</pubdate>
				<title>Caribbean coral reef locations classified by coastal development threat (adjusted for management effectiveness) (grid)</title>
				<geoform Sync="TRUE">raster digital data</geoform>
				<pubinfo>
					<pubplace>Washington D.C., United States</pubplace>
					<publish>World Resources Institute</publish>
				</pubinfo>
				<ftname Sync="TRUE">r500_cd</ftname><serinfo><sername>Reefs at Risk in the Caribbean</sername></serinfo><lworkcit><citeinfo><title>L. Burke and J. Maidens "Reefs at Risk in the Caribbean," (Washington DC, USA: World Resources Institute, 2004)</title></citeinfo></lworkcit><onlink>http://reefsatrisk.wri.org</onlink></citeinfo>
		</citation>
		<descript>
			<abstract>Threats to coral reefs from coastal development was estimated based on distance from cities, ports, airports, and dive tourism centers, as well as population density, population growth, and tourism growth in the area. For reefs inside marine protected areas (MPAs), management effectiveness was included as a factor mitigating threat.</abstract>
			<purpose>The indicators developed by the Reefs at Risk in the Caribbean project enable detailed comparative analyses of threats to coral reefs on many scales. The Reefs at Risk indicators are a simplification of human activities and complex natural processes.</purpose>
			<langdata Sync="TRUE">en</langdata><supplinf>The model relies on available data and predicted relationships but cannot capture all aspects of the dynamic interactions between people and coral reefs. The threat indicators gauge current and potential risks associated with human activities. A strength of the analysis lies in its use of regionally consistent data sets to develop regionally consistent indicators of human pressure on coral reefs. However, the model is not perfect, and omissions and other errors in the data sets are inevitable.</supplinf></descript>
		<timeperd>
			<timeinfo>
				<sngdate>
					<caldate>unknown</caldate>
				</sngdate>
			</timeinfo>
			<current>2004</current>
		</timeperd>
		<status>
			<progress>Complete</progress>
			<update>None planned</update>
		</status>
		<spdom>
			<bounding>
				<westbc Sync="TRUE">-3206742.724742</westbc><eastbc Sync="TRUE">2609257.275258</eastbc><northbc Sync="TRUE">2346342.523457</northbc><southbc Sync="TRUE">-1497657.476543</southbc></bounding>
			<lboundng><leftbc Sync="TRUE">-3206742.724742</leftbc><rightbc Sync="TRUE">2609257.275258</rightbc><bottombc Sync="TRUE">-1497657.476543</bottombc><topbc Sync="TRUE">2346342.523457</topbc></lboundng></spdom>
		<keywords>
			<place><placekey>caribbean</placekey><placekey>central america</placekey><placekey>south america</placekey><placekey>north america</placekey><placekey>insular caribbean</placekey><placekey>gulf of mexico</placekey></place><theme><themekey>threat</themekey><themekey>coral reefs</themekey><themekey>coastal</themekey><themekey>development</themekey><themekt>risk</themekt></theme></keywords>
		<accconst>None</accconst>
		<useconst>Data set is not for use in litigation. While efforts have been made to ensure that these data are accurate and reliable within the state of the art, WRI, cannot assume liability for any damages, or misrepresentations, caused by any inaccuracies in the data, or as a result of the data to be used on a particular system. WRI makes no warranty, expressed or implied, nor does the fact of distribution constitute such a warranty.</useconst>
		<ptcontac>
			<cntinfo>
				<cntperp>
					<cntper>GIS Lab Manager</cntper>
					<cntorg>World Resources Institute</cntorg>
				</cntperp>
				<cntaddr>
					<addrtype>mailing and physical address</addrtype>
					<address>10 G Street NE Suite 800</address>
					<city>Washington DC</city>
					<state>District of Columbia</state>
					<postal>20002</postal>
					<country>United States</country>
				</cntaddr>
				<cntvoice>202 729 7600</cntvoice>
				<cntfax>202 729 7775</cntfax>
				<cntemail>reefsatrisk@wri.org</cntemail>
				<hours>9am - 5pm EST</hours>
			</cntinfo>
		</ptcontac>
		<native Sync="TRUE">Microsoft Windows 2000 Version 5.0 (Build 2195) Service Pack 2; ESRI ArcCatalog 9.0.0.535</native>
		<natvform Sync="TRUE">Raster Dataset</natvform></idinfo>
	<dataqual>
		<attracc></attracc>
		<posacc>
			<horizpa></horizpa>
			<vertacc></vertacc>
		</posacc>
		<lineage>
			<procstep><srcused>Cities and towns - Environmental Systems Research Institute (ESRI), World Cities and U.S. Cities, 2002 and http://www.world-gazetteer.com</srcused><srcused>Ports - National Imagery and Mapping Agency (NIMA), "World Port Index," 2002.</srcused><srcused>Airports - NIMA, VMAP, 1997</srcused><srcused>Dive centers - United Nations Environment Programme - World Conservation Monitoring Centre (UNEP-WCMC), Caribbean Dive Centers, 2002</srcused><srcused>Dive centers - M.D. Spalding, Guide to the Coral Reefs of the Caribbean (Berkeley, USA: University of California Press, 2004)</srcused><srcused>Population density - U.S. Dept. of Energy (DOE), LandScan, 2001</srcused><srcused>Population growth - ESRI, Administrative Districts, 2002 and http://www.ciat.cgiar.org</srcused><srcused>Anual tourism growth - Caribbean Tourism Organization (CTO), Caribbean Tourism Statistical Report 2001-2002, 2002</srcused><procdesc>Threat level evaluated based on distance from cities, ports, airports, and dive tourism centers. Cities and ports stratified by size. Coastal population density (2000), coastal population growth (1990-2000), and annual tourism growth combined into indicator of population pressure treated as an additional stressor. Thresholds selected for each stressor based on guidance from project collaborators and observations of local damage from coastal development (including sewage discharge). Stressors aggregated into single map layer. </procdesc><srcused>MPAs - World Resources Institute, Caribbean Marine Protected Areas, 2004.</srcused><srcused>Coral reef locations - World Resources Institute, Caribbean Coral Reef Locations, 2004.</srcused></procstep><procstep><procdesc>Management effectiveness included as mitigating factor for threats inside marine protected areas (MPAs).</procdesc><srcused>MPAs - World Resources Institute, Caribbean Marine Protected Areas, 2004.</srcused><date Sync="TRUE">20041008</date><time Sync="TRUE">14125900</time></procstep><procstep><srcused>Coral reef locations - World Resources Institute, Caribbean Coral Reef Locations, 2004.</srcused><procdesc>The threat layer overlaid on coral reef locations.</procdesc></procstep><procstep><procdesc Sync="TRUE">Dataset copied.</procdesc><srcused Sync="TRUE">R:\DataCD\RRCARIB_CD\GIS\Data_model\Coastdev\r500_cd</srcused><date Sync="TRUE">20050228</date><time Sync="TRUE">10575300</time></procstep></lineage>
	</dataqual>
	<spdoinfo>
		<direct Sync="TRUE">Raster</direct><rastinfo><rasttype Sync="TRUE">Grid Cell</rasttype><rowcount Sync="TRUE">7688</rowcount><colcount Sync="TRUE">11632</colcount><rastxsz Sync="TRUE">500.000000</rastxsz><rastysz Sync="TRUE">500.000000</rastysz><rastbpp Sync="TRUE">16</rastbpp><vrtcount Sync="TRUE">1</vrtcount><rastorig Sync="TRUE">Upper Left</rastorig><rastcmap Sync="TRUE">FALSE</rastcmap><rastcomp Sync="TRUE">Default</rastcomp><rastband Sync="TRUE">1</rastband><rastdtyp Sync="TRUE">matrix values</rastdtyp><rastplyr Sync="TRUE">FALSE</rastplyr><rastifor Sync="TRUE">ESRI GRID</rastifor></rastinfo></spdoinfo>
	<spref>
		<horizsys>
			<planar>
				<planci>
					<plance Sync="TRUE">row and column</plance>
					<coordrep>
						<absres Sync="TRUE">500.000000</absres>
						<ordres Sync="TRUE">500.000000</ordres>
					</coordrep>
					<plandu>meters</plandu>
				</planci>
				<mapproj><mapprojn Sync="TRUE">Lambert Azimuthal Equal Area</mapprojn><lamberta><longpc Sync="TRUE">-76.000000</longpc><latprjc Sync="TRUE">16.000000</latprjc><feast Sync="TRUE">0.000000</feast><fnorth Sync="TRUE">0.000000</fnorth></lamberta></mapproj></planar>
			<geodetic>
				<horizdn>North American Datum of 1927</horizdn>
				<ellips>Clarke 1866</ellips>
				<semiaxis>6378206.400000</semiaxis>
				<denflat>294.978698</denflat>
			</geodetic>
			<cordsysn><geogcsn Sync="TRUE">GCS_Sphere_ARC_INFO</geogcsn><projcsn Sync="TRUE">Sphere_ARC_INFO_Lambert_Azimuthal_Equal_Area</projcsn></cordsysn></horizsys>
	</spref>
	<eainfo>
		<detailed Name="r500_cd">
			<enttyp>
				<enttypl Sync="TRUE">r500_cd</enttypl>
				<enttypt Sync="TRUE">Table</enttypt><enttypc Sync="TRUE">3</enttypc></enttyp>
			<attr><attrlabl Sync="TRUE">ObjectID</attrlabl><attalias Sync="TRUE">ObjectID</attalias><attrtype Sync="TRUE">OID</attrtype><attwidth Sync="TRUE">4</attwidth><atprecis Sync="TRUE">0</atprecis><attscale Sync="TRUE">0</attscale><attrdef Sync="TRUE">Internal feature number.</attrdef><attrdefs Sync="TRUE">ESRI</attrdefs><attrdomv><udom Sync="TRUE">Sequential unique whole numbers that are automatically generated.</udom></attrdomv></attr><attr><attrlabl Sync="TRUE">Value</attrlabl><attalias Sync="TRUE">Value</attalias><attrtype Sync="TRUE">Integer</attrtype><attwidth Sync="TRUE">0</attwidth><atprecis Sync="TRUE">0</atprecis><attscale Sync="TRUE">0</attscale><attrdomv><edom><edomv>0</edomv><edomvd>Low</edomvd></edom><edom><edomv>100</edomv><edomvd>Medium</edomvd></edom><edom><edomv>1000</edomv><edomvd>High</edomvd></edom></attrdomv><attrdef>Threat level</attrdef></attr><attr><attrlabl Sync="TRUE">Count</attrlabl><attalias Sync="TRUE">Count</attalias><attrtype Sync="TRUE">Double</attrtype><attwidth Sync="TRUE">0</attwidth><atprecis Sync="TRUE">0</atprecis><attscale Sync="TRUE">0</attscale></attr></detailed>
	</eainfo>
	<distinfo>
		<resdesc>Reefs at Risk Caribbean Data CD</resdesc>
		<stdorder>
			<digform>
				<digtinfo>
					<transize Sync="TRUE">1.669</transize>
					<dssize Sync="TRUE">1.669</dssize></digtinfo>
			</digform>
		</stdorder>
	</distinfo>
	<metainfo>
		<metd Sync="TRUE">20050126</metd>
		<metc>
			<cntinfo>
				<cntorgp>
					<cntorg>World Resources Institute</cntorg>
				</cntorgp>
				<cntaddr>
					<addrtype>10 G Street, NE Suite # 800</addrtype>
					<city>Washington, DC</city>
					<state>District of Columbia</state>
					<postal>20002</postal>
					<country>United States</country></cntaddr>
				<cntvoice>202 729 7600</cntvoice>
				<cntfax>202 729 7775</cntfax>
				<cntemail>reefsatrisk@wri.org</cntemail>
			</cntinfo>
		</metc>
		<metstdn Sync="TRUE">FGDC Content Standards for Digital Geospatial Metadata</metstdn>
		<metstdv Sync="TRUE">FGDC-STD-001-1998</metstdv>
		<mettc Sync="TRUE">local time</mettc>
		<langmeta Sync="TRUE">en</langmeta><metextns><onlink Sync="TRUE">http://www.esri.com/metadata/esriprof80.html</onlink><metprof Sync="TRUE">ESRI Metadata Profile</metprof></metextns></metainfo>
	<Esri><CreaDate>20050228</CreaDate><CreaTime>10575300</CreaTime><SyncOnce>FALSE</SyncOnce><SyncDate>20050126</SyncDate><SyncTime>15003300</SyncTime><ModDate>20050126</ModDate><ModTime>15003300</ModTime><MetaID>{B2D4CD96-883B-4336-865B-A331A0573E89}</MetaID></Esri><dataIdInfo><envirDesc Sync="TRUE">Microsoft Windows 2000 Version 5.0 (Build 2195) Service Pack 2; ESRI ArcCatalog 9.0.0.535</envirDesc><dataLang><languageCode Sync="TRUE" value="en"></languageCode></dataLang><idCitation><resTitle Sync="TRUE">r500_cd</resTitle><presForm><PresFormCd Sync="TRUE" value="005"></PresFormCd></presForm></idCitation><spatRpType><SpatRepTypCd Sync="TRUE" value="002"></SpatRepTypCd></spatRpType><dataExt><geoEle><GeoBndBox esriExtentType="native"><westBL Sync="TRUE">-3206742.724742</westBL><eastBL Sync="TRUE">2609257.275258</eastBL><northBL Sync="TRUE">2346342.523457</northBL><southBL Sync="TRUE">-1497657.476543</southBL><exTypeCode Sync="TRUE">1</exTypeCode></GeoBndBox></geoEle></dataExt><geoBox esriExtentType="decdegrees"><westBL Sync="TRUE">-3206742.724742</westBL><eastBL Sync="TRUE">2609257.275258</eastBL><northBL Sync="TRUE">2346342.523457</northBL><southBL Sync="TRUE">-1497657.476543</southBL><exTypeCode Sync="TRUE">1</exTypeCode></geoBox></dataIdInfo><mdLang><languageCode Sync="TRUE" value="en"></languageCode></mdLang><mdStanName Sync="TRUE">ISO 19115 Geographic Information - Metadata</mdStanName><mdStanVer Sync="TRUE">DIS_ESRI1.0</mdStanVer><mdChar><CharSetCd Sync="TRUE" value="004"></CharSetCd></mdChar><mdHrLv><ScopeCd Sync="TRUE" value="005"></ScopeCd></mdHrLv><mdHrLvName Sync="TRUE">dataset</mdHrLvName><distInfo><distributor><distorTran><onLineSrc><orDesc Sync="TRUE">002</orDesc><linkage Sync="TRUE">file://\\MAGELLAN\VOL1\gis\Working\R@R-CB\data_download\grid\lambert\r500_cd</linkage><protocol Sync="TRUE">Local Area Network</protocol></onLineSrc><transSize Sync="TRUE">1.669</transSize></distorTran><distorFormat><formatName Sync="TRUE">Raster Dataset</formatName></distorFormat></distributor></distInfo><spatRepInfo><GridSpatRep><numDims Sync="TRUE">2</numDims><cellGeo><CellGeoCd Sync="TRUE" value="002"></CellGeoCd></cellGeo><tranParaAv Sync="TRUE">1</tranParaAv><axDimProps><Dimen><dimName><DimNameTypCd Sync="TRUE" value="002"></DimNameTypCd></dimName><dimSize Sync="TRUE">11632</dimSize><dimResol><value Sync="TRUE">500</value><uom><UomLength><uomName Sync="TRUE">unknown</uomName></UomLength></uom></dimResol></Dimen><Dimen><dimName><DimNameTypCd Sync="TRUE" value="001"></DimNameTypCd></dimName><dimSize Sync="TRUE">7688</dimSize><dimResol><value Sync="TRUE">500</value><uom><UomLength><uomName Sync="TRUE">unknown</uomName></UomLength></uom></dimResol></Dimen></axDimProps></GridSpatRep></spatRepInfo><mdDateSt Sync="TRUE">20050126</mdDateSt><refSysInfo><RefSystem><refSysID><identCode Sync="TRUE">Sphere_ARC_INFO_Lambert_Azimuthal_Equal_Area</identCode></refSysID></RefSystem></refSysInfo></metadata>
