<?xml version="1.0" encoding="ISO-8859-1"?>
<metadata>
	<idinfo>
		<citation>
			<citeinfo>
				<origin>World Resources Institute</origin>
				<pubdate>2004</pubdate>
				<title>Relative sediment delivery at the river mouth for watersheds draining into the Caribbean Sea and Gulf of Mexico (combined)</title>
				<geoform Sync="TRUE">vector digital data</geoform>
				<pubinfo>
					<pubplace>Washington D.C., United States</pubplace>
					<publish>World Resources Institute</publish>
				</pubinfo>
				<ftname Sync="TRUE">ppt_combo</ftname><serinfo><sername>Reefs at Risk in the Caribbean</sername></serinfo><lworkcit><citeinfo><title>L. Burke and J. Maidens "Reefs at Risk in the Caribbean," (Washington DC, USA: World Resources Institute, 2004)</title></citeinfo></lworkcit><onlink>http://reefsatrisk.wri.org</onlink></citeinfo>
		</citation>
		<descript>
			<abstract>An indicator of relative sediment delivery at the river mouth for each of over 3,000 watersheds draining into the Caribbean Sea and Gulf of Mexico.</abstract>
			<purpose>This data set was derived at the World Resources Institute for input to the Reefs at Risk sedimentation and pollution from watershed based sources threat analysis. Agriculture, though important to economic development and food security, is a source of increased sediment, nutrient, and pesticide runoff. Threats from sedimentation and pollution from inland sources were modeled for over 3,000 watersheds discharging into the Caribbean. The indicators developed by the Reefs at Risk in the Caribbean project enable detailed comparative analyses of threats on many scales. The Reefs at Risk indicators are a simplification of human activities and complex natural processes. </purpose>
			<langdata Sync="TRUE">en</langdata></descript>
		<timeperd>
			<timeinfo>
				<sngdate>
					<caldate>unknown</caldate>
				</sngdate>
			</timeinfo>
			<current>publication date</current>
		</timeperd>
		<status>
			<progress>Complete</progress>
			<update>None planned</update>
		</status>
		<spdom>
			<bounding>
				<westbc Sync="TRUE">-97.882760</westbc><eastbc Sync="TRUE">-53.352923</eastbc><northbc Sync="TRUE">34.763803</northbc><southbc Sync="TRUE">5.427068</southbc></bounding>
			<lboundng><leftbc Sync="TRUE">-97.882760</leftbc><rightbc Sync="TRUE">-53.352923</rightbc><bottombc Sync="TRUE">5.427068</bottombc><topbc Sync="TRUE">34.763803</topbc></lboundng></spdom>
		<keywords>
			<place><placekey>caribbean</placekey><placekey>central america</placekey><placekey>south america</placekey><placekey>north america</placekey><placekey>insular caribbean</placekey><placekey>gulf of mexico</placekey></place><theme><themekey>threat</themekey><themekey>coral reefs</themekey><themekey>pressure</themekey><themekey>sediment</themekey><themekey>sedimentation</themekey><themekey>watershed</themekey><themekey>basin</themekey><themekey>plume</themekey><themekey>erosion</themekey><themekey>preciptation</themekey><themekey>soil</themekey><themekey>slope</themekey><themekey>erosion </themekey><themekey>land cover</themekey></theme></keywords>
		<accconst>None</accconst>
		<useconst>Data set is not for use in litigation. While efforts have been made to ensure that these data are accurate and reliable within the state of the art, WRI, cannot assume liability for any damages, or misrepresentations, caused by any inaccuracies in the data, or as a result of the data to be used on a particular system. WRI makes no warranty, expressed or implied, nor does the fact of distribution constitute such a warranty.</useconst>
		<ptcontac>
			<cntinfo>
				<cntperp>
					<cntper>GIS Lab Manager</cntper>
					<cntorg>World Resources Institute</cntorg>
				</cntperp>
				<cntaddr>
					<addrtype>mailing and physical address</addrtype>
					<address>10 G Street NE Suite 800</address>
					<city>Washington DC</city>
					<state>District of Columbia</state>
					<postal>20002</postal>
					<country>United States</country>
				</cntaddr>
				<cntvoice>202 729 7600</cntvoice>
				<cntfax>202 729 7775</cntfax>
				<cntemail>reefsatrisk@wri.org</cntemail>
				<hours>9am - 5pm EST</hours>
			</cntinfo>
		</ptcontac>
		<native Sync="TRUE">Microsoft Windows XP Version 5.1 (Build 2600) Service Pack 1; ESRI ArcCatalog 9.0.0.535</native>
		<natvform Sync="TRUE">Shapefile</natvform></idinfo>
	<dataqual>
		<attracc></attracc>
		<posacc>
			<horizpa></horizpa>
			<vertacc></vertacc>
		</posacc>
		<lineage>
			<procstep><srcused>World Resources Institute, Summary erosion statistics for watersheds in wider Caribbean region, 2004</srcused><procdesc>An indicator of relative sediment delivery at the river mouth was estimated by multiplying total relative erosion in the basin (REP_SUM) by the sediment delivery ratio (SDR) for the basin, which is a function of watershed size. SDR = 0.41 * basin area (in sq km) ^-0.3. (This factor comes from Thattai, Kjerfve, and Heyman, 2003.) </procdesc></procstep><procstep><procdesc Sync="TRUE">Metadata imported.</procdesc><srcused Sync="TRUE">C:\RRCARIB_CD\Data_model\Sediment\ppt_combo.shp.xml</srcused><date Sync="TRUE">20041109</date><time Sync="TRUE">12075000</time></procstep><procstep><procdesc Sync="TRUE">Dataset copied.</procdesc><srcused Sync="TRUE">C:\RRCARIB_CD\Data_model\Sediment\ppt_combo</srcused><date Sync="TRUE">20050113</date><time Sync="TRUE">16251400</time></procstep><procstep><procdesc Sync="TRUE">Dataset copied.</procdesc><srcused Sync="TRUE">R:\DataCD\RRCARIB_CD\GIS\Data_model\Sediment\ppt_combo</srcused><date Sync="TRUE">20050228</date><time Sync="TRUE">10503200</time></procstep></lineage>
	</dataqual>
	<spdoinfo>
		<direct Sync="TRUE">Vector</direct><rastinfo><rasttype Sync="TRUE">Grid Cell</rasttype><rowcount Sync="TRUE">6600</rowcount><colcount Sync="TRUE">7979</colcount><rastxsz Sync="TRUE">1000.000000</rastxsz><rastysz Sync="TRUE">1000.000000</rastysz><rastbpp Sync="TRUE">8</rastbpp><vrtcount Sync="TRUE">1</vrtcount><rastorig Sync="TRUE">Upper Left</rastorig><rastcmap Sync="TRUE">FALSE</rastcmap><rastcomp Sync="TRUE">Default</rastcomp><rastband Sync="TRUE">1</rastband><rastdtyp Sync="TRUE">matrix values</rastdtyp><rastplyr Sync="TRUE">FALSE</rastplyr><rastifor Sync="TRUE">ESRI GRID</rastifor></rastinfo><ptvctinf><esriterm Name="ppt_combo"><efeatyp Sync="TRUE">Simple</efeatyp><efeageom Sync="TRUE">Point</efeageom><esritopo Sync="TRUE">FALSE</esritopo><efeacnt Sync="TRUE">3144</efeacnt><spindex Sync="TRUE">TRUE</spindex><linrefer Sync="TRUE">FALSE</linrefer></esriterm><sdtsterm Name="ppt_combo"><sdtstype Sync="TRUE">Entity point</sdtstype><ptvctcnt Sync="TRUE">3144</ptvctcnt></sdtsterm></ptvctinf></spdoinfo>
	<spref>
		<horizsys>
			<geodetic>
				<horizdn Sync="TRUE">North American Datum of 1927</horizdn>
				<ellips Sync="TRUE">Clarke 1866</ellips>
				<semiaxis Sync="TRUE">6378206.400000</semiaxis>
				<denflat Sync="TRUE">294.978698</denflat>
			</geodetic>
			<cordsysn><geogcsn Sync="TRUE">GCS_Assumed_Geographic_1</geogcsn></cordsysn><geograph><geogunit Sync="TRUE">Decimal degrees</geogunit><latres Sync="TRUE">0.000000</latres><longres Sync="TRUE">0.000000</longres></geograph></horizsys>
	</spref>
	<eainfo>
		<detailed Name="ppt_combo">
			<enttyp>
				<enttypl Sync="TRUE">ppt_combo</enttypl>
				<enttypt Sync="TRUE">Feature Class</enttypt><enttypc Sync="TRUE">3144</enttypc></enttyp>
			<attr><attrlabl Sync="TRUE">Shape</attrlabl><attalias Sync="TRUE">Shape</attalias><attrtype Sync="TRUE">Geometry</attrtype><attwidth Sync="TRUE">0</attwidth><atprecis Sync="TRUE">0</atprecis><attscale Sync="TRUE">0</attscale><attrdef Sync="TRUE">Feature geometry.</attrdef><attrdefs Sync="TRUE">ESRI</attrdefs><attrdomv><udom Sync="TRUE">Coordinates defining the features.</udom></attrdomv></attr><attr><attrlabl Sync="TRUE">WS_SQ_KM</attrlabl><attalias Sync="TRUE">WS_SQ_KM</attalias><attrtype Sync="TRUE">Number</attrtype><attwidth Sync="TRUE">11</attwidth><attrdef>watershed size (sq km)</attrdef></attr><attr><attrlabl Sync="TRUE">REP_MEAN</attrlabl><attalias Sync="TRUE">REP_MEAN</attalias><attrtype Sync="TRUE">Number</attrtype><attwidth Sync="TRUE">11</attwidth><attrdef>mean relative erosion potential for watershed</attrdef></attr><attr><attrlabl Sync="TRUE">SED_ARRIVE</attrlabl><attalias Sync="TRUE">SED_ARRIVE</attalias><attrtype Sync="TRUE">Number</attrtype><attwidth Sync="TRUE">11</attwidth><attrdef>sediment delivery at pour point</attrdef></attr><attr><attrlabl Sync="TRUE">BASIN_ID</attrlabl><attalias Sync="TRUE">BASIN_ID</attalias><attrtype Sync="TRUE">Number</attrtype><attwidth Sync="TRUE">12</attwidth><atnumdec Sync="TRUE">4</atnumdec></attr><attr><attrlabl Sync="TRUE">PRECIP_SUM</attrlabl><attalias Sync="TRUE">PRECIP_SUM</attalias><attrtype Sync="TRUE">Number</attrtype><attwidth Sync="TRUE">12</attwidth><atnumdec Sync="TRUE">4</atnumdec></attr><attr><attrlabl Sync="TRUE">FID</attrlabl><attalias Sync="TRUE">FID</attalias><attrtype Sync="TRUE">Number</attrtype><attwidth Sync="TRUE">16</attwidth><attrdef Sync="TRUE">Internal feature number.</attrdef><attrdefs Sync="TRUE">ESRI</attrdefs><attrdomv><udom Sync="TRUE">Sequential unique whole numbers that are automatically generated.</udom></attrdomv></attr><attr><attrlabl Sync="TRUE">SOURCETHM</attrlabl><attalias Sync="TRUE">SOURCETHM</attalias><attrtype Sync="TRUE">String</attrtype><attwidth Sync="TRUE">16</attwidth></attr></detailed>
	</eainfo>
	<distinfo>
		<resdesc>Downloadable Data</resdesc>
		<stdorder>
			<digform>
				<digtinfo>
					<transize Sync="TRUE">0.084</transize>
					<dssize Sync="TRUE">0.084</dssize></digtinfo>
			</digform>
		</stdorder>
	</distinfo>
	<metainfo>
		<metd Sync="TRUE">20050302</metd>
		<metc>
			<cntinfo>
				<cntorgp>
					<cntorg>World Resources Institute</cntorg>
				</cntorgp>
				<cntaddr>
					<addrtype>10 G Street, NE Suite # 800</addrtype>
					<city>Washington, DC</city>
					<state>District of Columbia</state>
					<postal>20002</postal>
					<country>United States</country></cntaddr>
				<cntvoice>202 729 7600</cntvoice>
				<cntfax>202 729 7775</cntfax>
				<cntemail>reefsatrisk@wri.org</cntemail>
			</cntinfo>
		</metc>
		<metstdn Sync="TRUE">FGDC Content Standards for Digital Geospatial Metadata</metstdn>
		<metstdv Sync="TRUE">FGDC-STD-001-1998</metstdv>
		<mettc Sync="TRUE">local time</mettc>
		<langmeta Sync="TRUE">en</langmeta><metextns><onlink Sync="TRUE">http://www.esri.com/metadata/esriprof80.html</onlink><metprof Sync="TRUE">ESRI Metadata Profile</metprof></metextns></metainfo>
	<Esri><CreaDate>20050228</CreaDate><CreaTime>10503200</CreaTime><SyncOnce>FALSE</SyncOnce><SyncDate>20050302</SyncDate><SyncTime>15162000</SyncTime><ModDate>20050302</ModDate><ModTime>15162000</ModTime><MetaID>{78EF8ADE-1370-4D42-971C-CB9DBBC61AC1}</MetaID></Esri><dataIdInfo><envirDesc Sync="TRUE">Microsoft Windows XP Version 5.1 (Build 2600) Service Pack 1; ESRI ArcCatalog 9.0.0.535</envirDesc><dataLang><languageCode Sync="TRUE" value="en"></languageCode></dataLang><idCitation><resTitle Sync="TRUE">ppt_combo</resTitle><presForm><PresFormCd Sync="TRUE" value="005"></PresFormCd></presForm></idCitation><spatRpType><SpatRepTypCd Sync="TRUE" value="001"></SpatRepTypCd></spatRpType><dataExt><geoEle><GeoBndBox esriExtentType="native"><westBL Sync="TRUE">-97.88276</westBL><eastBL Sync="TRUE">-53.352923</eastBL><northBL Sync="TRUE">34.763803</northBL><southBL Sync="TRUE">5.427068</southBL><exTypeCode Sync="TRUE">1</exTypeCode></GeoBndBox></geoEle></dataExt><geoBox esriExtentType="decdegrees"><westBL Sync="TRUE">-97.88276</westBL><eastBL Sync="TRUE">-53.352923</eastBL><northBL Sync="TRUE">34.763803</northBL><southBL Sync="TRUE">5.427068</southBL><exTypeCode Sync="TRUE">1</exTypeCode></geoBox></dataIdInfo><mdLang><languageCode Sync="TRUE" value="en"></languageCode></mdLang><mdStanName Sync="TRUE">ISO 19115 Geographic Information - Metadata</mdStanName><mdStanVer Sync="TRUE">DIS_ESRI1.0</mdStanVer><mdChar><CharSetCd Sync="TRUE" value="004"></CharSetCd></mdChar><mdHrLv><ScopeCd Sync="TRUE" value="005"></ScopeCd></mdHrLv><mdHrLvName Sync="TRUE">dataset</mdHrLvName><distInfo><distributor><distorTran><onLineSrc><orDesc Sync="TRUE">002</orDesc><linkage Sync="TRUE">file://\\MAGELLAN\vol1\gis\working\r@r-cb\data_download\vector\geographic\ppt_combo.shp</linkage><protocol Sync="TRUE">Local Area Network</protocol></onLineSrc><transSize Sync="TRUE">0.084</transSize></distorTran><distorFormat><formatName Sync="TRUE">Shapefile</formatName></distorFormat></distributor></distInfo><spatRepInfo><GridSpatRep><numDims Sync="TRUE">2</numDims><cellGeo><CellGeoCd Sync="TRUE" value="002"></CellGeoCd></cellGeo><tranParaAv Sync="TRUE">1</tranParaAv><axDimProps><Dimen><dimName><DimNameTypCd Sync="TRUE" value="002"></DimNameTypCd></dimName><dimSize Sync="TRUE">7979</dimSize><dimResol><value Sync="TRUE">1000</value><uom><UomLength><uomName Sync="TRUE">Meter</uomName><conversionToISOstandardUnit Sync="TRUE">1 Meter = 1 Meter(s)</conversionToISOstandardUnit></UomLength></uom></dimResol></Dimen><Dimen><dimName><DimNameTypCd Sync="TRUE" value="001"></DimNameTypCd></dimName><dimSize Sync="TRUE">6600</dimSize><dimResol><value Sync="TRUE">1000</value><uom><UomLength><uomName Sync="TRUE">Meter</uomName><conversionToISOstandardUnit Sync="TRUE">1 Meter = 1 Meter(s)</conversionToISOstandardUnit></UomLength></uom></dimResol></Dimen></axDimProps></GridSpatRep><VectSpatRep><topLvl><TopoLevCd Sync="TRUE" value="001"></TopoLevCd></topLvl><geometObjs Name="ppt_combo"><geoObjTyp><GeoObjTypCd Sync="TRUE" value="004"></GeoObjTypCd></geoObjTyp><geoObjCnt Sync="TRUE">3144</geoObjCnt></geometObjs></VectSpatRep></spatRepInfo><mdDateSt Sync="TRUE">20050302</mdDateSt><refSysInfo><RefSystem><refSysID><identCode Sync="TRUE">GCS_Assumed_Geographic_1</identCode></refSysID></RefSystem></refSysInfo></metadata>
