<?xml version="1.0" encoding="ISO-8859-1"?>
<metadata>
	<idinfo>
		<citation>
			<citeinfo>
				<origin>World Resources Institute</origin>
				<pubdate>2004</pubdate>
				<title>Caribbean coral reefs classified by threat from watershed-based sources of sediment and pollution (points)</title>
				<geoform Sync="TRUE">vector digital data</geoform>
				<pubinfo>
					<pubplace>Washington D.C., United States</pubplace>
					<publish>World Resources Institute</publish>
				</pubinfo>
				<ftname Sync="TRUE">r_pt_sed</ftname><serinfo><sername>Reefs at Risk in the Caribbean</sername></serinfo><lworkcit><citeinfo><title>L. Burke and J. Maidens "Reefs at Risk in the Caribbean," (Washington DC, USA: World Resources Institute, 2004)</title></citeinfo></lworkcit><onlink>http://reefstarisk.wri.org</onlink></citeinfo>
		</citation>
		<descript>
			<abstract>Agriculture, though important to economic development and food security, is a source of increased sediment, nutrient, and pesticide runoff. Threats to coral reefs from sedimentation and pollution from inland sources were modeled for over 3,000 watersheds discharging into the Caribbean.</abstract>
			<purpose>The indicators developed by the Reefs at Risk in the Caribbean project enable detailed comparative analyses of threats on many scales. The Reefs at Risk indicators are a simplification of human activities and complex natural processes.</purpose>
			<langdata Sync="TRUE">en</langdata><supplinf>The threat indicators gauge current and potential risks associated with human activities. A strength of the analysis lies in its use of regionally consistent data sets to develop regionally consistent indicators of human pressure on coral reefs. However, the model is not perfect, and omissions and other errors in the data sets are inevitable.</supplinf></descript>
		<timeperd>
			<timeinfo>
				<sngdate>
					<caldate>unknown</caldate>
				</sngdate>
			</timeinfo>
			<current>publication date</current>
		</timeperd>
		<status>
			<progress>Complete</progress>
			<update>None planned</update>
		</status>
		<spdom>
			<bounding>
				<westbc Sync="TRUE">-97.306393</westbc><eastbc Sync="TRUE">-59.400190</eastbc><northbc Sync="TRUE">32.486366</northbc><southbc Sync="TRUE">8.581727</southbc></bounding>
			<lboundng><leftbc Sync="TRUE">-97.306393</leftbc><rightbc Sync="TRUE">-59.400190</rightbc><bottombc Sync="TRUE">8.581727</bottombc><topbc Sync="TRUE">32.486366</topbc></lboundng></spdom>
		<keywords>
			<place><placekey>caribbean</placekey><placekey>central america</placekey><placekey>south america</placekey><placekey>north america</placekey><placekey>insular caribbean</placekey><placekey>gulf of mexico</placekey></place><theme><themekey>threat</themekey><themekey>coral reefs</themekey><themekey>pressure</themekey><themekey>sediment</themekey><themekey>sedimentation</themekey><themekey>watershed</themekey><themekey>basin</themekey><themekey>plume</themekey><themekey>erosion</themekey><themekey>preciptation</themekey><themekey>soil</themekey><themekey>slope</themekey></theme></keywords>
		<accconst>None</accconst>
		<useconst>Data set is not for use in litigation. While efforts have been made to ensure that these data are accurate and reliable within the state of the art, WRI, cannot assume liability for any damages, or misrepresentations, caused by any inaccuracies in the data, or as a result of the data to be used on a particular system. WRI makes no warranty, expressed or implied, nor does the fact of distribution constitute such a warranty.</useconst>
		<ptcontac>
			<cntinfo>
				<cntperp>
					<cntper>GIS Lab Manager</cntper>
					<cntorg>World Resources Institute</cntorg>
				</cntperp>
				<cntaddr>
					<addrtype>mailing and physical address</addrtype>
					<address>10 G Street NE Suite 800</address>
					<city>Washington DC</city>
					<state>District of Columbia</state>
					<postal>20002</postal>
					<country>United States</country>
				</cntaddr>
				<cntvoice>202 729 7600</cntvoice>
				<cntfax>202 729 7775</cntfax>
				<cntemail>reefsatrisk@wri.org</cntemail>
				<hours>9am - 5pm EST</hours>
			</cntinfo>
		</ptcontac>
		<native Sync="TRUE">Microsoft Windows 2000 Version 5.0 (Build 2195) Service Pack 2; ESRI ArcCatalog 9.0.0.535</native>
		<natvform Sync="TRUE">Shapefile</natvform></idinfo>
	<dataqual>
		<attracc></attracc>
		<posacc>
			<horizpa></horizpa>
			<vertacc></vertacc>
		</posacc>
		<lineage>
			<procstep><srcused>Watershed boundaries - Delineated at WRI from U.S. Geological Survey (USGS), "HYDRO1K" digital elevation model, 2000 (1-km resolution for the entire Caribbean region), and U.S. National Aeronautics and Space Administration (NASA), "Shuttle Radar Topography Mission" (SRTM) provisional data set, 2003 (90-m resolution for the Eastern Caribbean).</srcused><srcused>Elevation and slope - USGS, "HYDRO1K", 2000 (1-km resolution for the entire Caribbean region), and NASA "SRTM," 2003 (90-m resolution for the Eastern Caribbean).</srcused><srcused>Land cover - USGS, "Global Land Cover Characteristics Database," 2000 (1-km resolution for the Wider Caribbean); University of Maryland, "Global Percent Tree Cover at a Spatial Resolution of 500 Meters: First Results of the MODIS Vegetation Continuous Fields Algorithm," 2003 (500-m resolution for the Eastern Caribbean); Landsat data classified in 2003 by Jennifer Gebelein, Florida International University (30-m resolution for select islands in the Eastern Caribbean).</srcused><srcused>Soil porosity-UN Food and Agriculture Organization (FAO), "World Soil Database," 1995.</srcused><srcused>Precipitation - U.S. Army CERL and Center for Remote Sensing and Spatial Analysis (CRSSA), Cook College, Rutgers University, "Global ARC" CD, 1996.</srcused><procdesc>Watershed-based analysis links land-based sources of threat with point of discharge to the sea. Analysis of sediment and pollution threat to coral reefs implemented for more than 3,000 watersheds discharging to the Caribbean. Relative erosion rates estimated across the landscape, based on slope, land cover type, precipitation (during the month of maximum rainfall), and soiltype. Erosion rates summarized by watershed (adjusting for watershed size) to estimate resulting sediment delivery at river mouths. Sediment plume dispersion estimated using a function in which sediment diminishes as distance from the river mouth increases.</procdesc></procstep><procstep><procdesc>The threat layer overlaid on coral reef locations
</procdesc><srcused>Coral reef locations - World Resources Institute, Caribbean Coral Reef Locations, 2004 </srcused><date Sync="TRUE">20041014</date><time Sync="TRUE">15245900</time></procstep><procstep><procdesc>500m reef grid cells converted to point locations.</procdesc><date Sync="TRUE">20041014</date><time Sync="TRUE">15312300</time></procstep><procstep><procdesc Sync="TRUE">Dataset copied.</procdesc><srcused Sync="TRUE">R:\DataCD\RRCARIB_CD\GIS\Data_model\Sediment\r_pt_sed</srcused><date Sync="TRUE">20050228</date><time Sync="TRUE">10495700</time></procstep></lineage>
	</dataqual>
	<spdoinfo>
		<direct Sync="TRUE">Vector</direct><rastinfo><rasttype Sync="TRUE">Grid Cell</rasttype><rowcount Sync="TRUE">7688</rowcount><colcount Sync="TRUE">11632</colcount><rastxsz Sync="TRUE">500.000000</rastxsz><rastysz Sync="TRUE">500.000000</rastysz><rastbpp Sync="TRUE">16</rastbpp><vrtcount Sync="TRUE">1</vrtcount><rastorig Sync="TRUE">Upper Left</rastorig><rastcmap Sync="TRUE">FALSE</rastcmap><rastcomp Sync="TRUE">Default</rastcomp><rastband Sync="TRUE">1</rastband><rastdtyp Sync="TRUE">matrix values</rastdtyp><rastplyr Sync="TRUE">FALSE</rastplyr><rastifor Sync="TRUE">ESRI GRID</rastifor></rastinfo><ptvctinf><esriterm Name="r_pt_sed"><efeatyp Sync="TRUE">Simple</efeatyp><efeageom Sync="TRUE">Point</efeageom><esritopo Sync="TRUE">FALSE</esritopo><efeacnt Sync="TRUE">103734</efeacnt><spindex Sync="TRUE">TRUE</spindex><linrefer Sync="TRUE">FALSE</linrefer></esriterm><sdtsterm Name="r_pt_sed"><sdtstype Sync="TRUE">Entity point</sdtstype><ptvctcnt Sync="TRUE">103734</ptvctcnt></sdtsterm></ptvctinf></spdoinfo>
	<spref>
		<horizsys>
			<geodetic>
				<horizdn Sync="TRUE">North American Datum of 1927</horizdn>
				<ellips Sync="TRUE">Clarke 1866</ellips>
				<semiaxis Sync="TRUE">6378206.400000</semiaxis>
				<denflat Sync="TRUE">294.978698</denflat>
			</geodetic>
			<cordsysn><geogcsn Sync="TRUE">GCS_Assumed_Geographic_1</geogcsn></cordsysn><geograph><geogunit Sync="TRUE">Decimal degrees</geogunit><latres Sync="TRUE">0.000000</latres><longres Sync="TRUE">0.000000</longres></geograph></horizsys>
	</spref>
	<eainfo>
		<detailed Name="r_pt_sed">
			<enttyp>
				<enttypl Sync="TRUE">r_pt_sed</enttypl>
				<enttypt Sync="TRUE">Feature Class</enttypt><enttypc Sync="TRUE">103734</enttypc></enttyp>
			<attr><attrlabl Sync="TRUE">FID</attrlabl><attalias Sync="TRUE">FID</attalias><attrtype Sync="TRUE">OID</attrtype><attwidth Sync="TRUE">4</attwidth><atprecis Sync="TRUE">0</atprecis><attscale Sync="TRUE">0</attscale><attrdef Sync="TRUE">Internal feature number.</attrdef><attrdefs Sync="TRUE">ESRI</attrdefs><attrdomv><udom Sync="TRUE">Sequential unique whole numbers that are automatically generated.</udom></attrdomv></attr><attr><attrlabl Sync="TRUE">Shape</attrlabl><attalias Sync="TRUE">Shape</attalias><attrtype Sync="TRUE">Geometry</attrtype><attwidth Sync="TRUE">0</attwidth><atprecis Sync="TRUE">0</atprecis><attscale Sync="TRUE">0</attscale><attrdef Sync="TRUE">Feature geometry.</attrdef><attrdefs Sync="TRUE">ESRI</attrdefs><attrdomv><udom Sync="TRUE">Coordinates defining the features.</udom></attrdomv></attr><attr><attrlabl Sync="TRUE">THREAT</attrlabl><attalias Sync="TRUE">THREAT</attalias><attrtype Sync="TRUE">Number</attrtype><attwidth Sync="TRUE">11</attwidth><attrdomv><edom><edomv>1</edomv><edomvd>low</edomvd></edom><edom><edomv>100</edomv><edomvd>medium</edomvd></edom><edom><edomv>1000</edomv><edomvd>high</edomvd></edom></attrdomv></attr><attr><attrlabl Sync="TRUE">THREAT_TXT</attrlabl><attalias Sync="TRUE">THREAT_TXT</attalias><attrtype Sync="TRUE">String</attrtype><attwidth Sync="TRUE">10</attwidth></attr></detailed>
	</eainfo>
	<distinfo>
		<resdesc>Downloadable Data</resdesc>
		<stdorder>
			<digform>
				<digtinfo>
					<transize Sync="TRUE">2.770</transize>
					<dssize Sync="TRUE">2.770</dssize></digtinfo>
			</digform>
		</stdorder>
	</distinfo>
	<metainfo>
		<metd Sync="TRUE">20050126</metd>
		<metc>
			<cntinfo>
				<cntorgp>
					<cntorg>World Resources Institute</cntorg>
				</cntorgp>
				<cntaddr>
					<addrtype>10 G Street, NE Suite # 800</addrtype>
					<city>Washington, DC</city>
					<state>District of Columbia</state>
					<postal>20002</postal>
					<country>United States</country></cntaddr>
				<cntvoice>202 729 7600</cntvoice>
				<cntfax>202 729 7775</cntfax>
				<cntemail>reefsatrisk@wri.org</cntemail>
			</cntinfo>
		</metc>
		<metstdn Sync="TRUE">FGDC Content Standards for Digital Geospatial Metadata</metstdn>
		<metstdv Sync="TRUE">FGDC-STD-001-1998</metstdv>
		<mettc Sync="TRUE">local time</mettc>
		<langmeta Sync="TRUE">en</langmeta><metextns><onlink Sync="TRUE">http://www.esri.com/metadata/esriprof80.html</onlink><metprof Sync="TRUE">ESRI Metadata Profile</metprof></metextns></metainfo>
	<Esri><CreaDate>20050228</CreaDate><CreaTime>10495700</CreaTime><SyncOnce>FALSE</SyncOnce><SyncDate>20050126</SyncDate><SyncTime>15092100</SyncTime><ModDate>20050126</ModDate><ModTime>15092100</ModTime><MetaID>{D9647519-5D86-4D34-8973-611C713692CF}</MetaID></Esri><dataIdInfo><envirDesc Sync="TRUE">Microsoft Windows 2000 Version 5.0 (Build 2195) Service Pack 2; ESRI ArcCatalog 9.0.0.535</envirDesc><dataLang><languageCode Sync="TRUE" value="en"></languageCode></dataLang><idCitation><resTitle Sync="TRUE">r_pt_sed</resTitle><presForm><PresFormCd Sync="TRUE" value="005"></PresFormCd></presForm></idCitation><spatRpType><SpatRepTypCd Sync="TRUE" value="001"></SpatRepTypCd></spatRpType><dataExt><geoEle><GeoBndBox esriExtentType="native"><westBL Sync="TRUE">-97.306393</westBL><eastBL Sync="TRUE">-59.40019</eastBL><northBL Sync="TRUE">32.486366</northBL><southBL Sync="TRUE">8.581727</southBL><exTypeCode Sync="TRUE">1</exTypeCode></GeoBndBox></geoEle></dataExt><geoBox esriExtentType="decdegrees"><westBL Sync="TRUE">-97.306393</westBL><eastBL Sync="TRUE">-59.40019</eastBL><northBL Sync="TRUE">32.486366</northBL><southBL Sync="TRUE">8.581727</southBL><exTypeCode Sync="TRUE">1</exTypeCode></geoBox></dataIdInfo><mdLang><languageCode Sync="TRUE" value="en"></languageCode></mdLang><mdStanName Sync="TRUE">ISO 19115 Geographic Information - Metadata</mdStanName><mdStanVer Sync="TRUE">DIS_ESRI1.0</mdStanVer><mdChar><CharSetCd Sync="TRUE" value="004"></CharSetCd></mdChar><mdHrLv><ScopeCd Sync="TRUE" value="005"></ScopeCd></mdHrLv><mdHrLvName Sync="TRUE">dataset</mdHrLvName><distInfo><distributor><distorTran><onLineSrc><orDesc Sync="TRUE">002</orDesc><linkage Sync="TRUE">file://\\MAGELLAN\VOL1\gis\Working\R@R-CB\data_download\vector\r_pt_sed</linkage><protocol Sync="TRUE">Local Area Network</protocol></onLineSrc><transSize Sync="TRUE">2.770</transSize></distorTran><distorFormat><formatName Sync="TRUE">Shapefile</formatName></distorFormat></distributor></distInfo><spatRepInfo><GridSpatRep><numDims Sync="TRUE">2</numDims><cellGeo><CellGeoCd Sync="TRUE" value="002"></CellGeoCd></cellGeo><tranParaAv Sync="TRUE">1</tranParaAv><axDimProps><Dimen><dimName><DimNameTypCd Sync="TRUE" value="002"></DimNameTypCd></dimName><dimSize Sync="TRUE">11632</dimSize><dimResol><value Sync="TRUE">500</value><uom><UomLength><uomName Sync="TRUE">unknown</uomName></UomLength></uom></dimResol></Dimen><Dimen><dimName><DimNameTypCd Sync="TRUE" value="001"></DimNameTypCd></dimName><dimSize Sync="TRUE">7688</dimSize><dimResol><value Sync="TRUE">500</value><uom><UomLength><uomName Sync="TRUE">unknown</uomName></UomLength></uom></dimResol></Dimen></axDimProps></GridSpatRep><VectSpatRep><topLvl><TopoLevCd Sync="TRUE" value="001"></TopoLevCd></topLvl><geometObjs Name="r_pt_sed"><geoObjTyp><GeoObjTypCd Sync="TRUE" value="004"></GeoObjTypCd></geoObjTyp><geoObjCnt Sync="TRUE">103734</geoObjCnt></geometObjs></VectSpatRep></spatRepInfo><mdDateSt Sync="TRUE">20050126</mdDateSt><refSysInfo><RefSystem><refSysID><identCode Sync="TRUE">GCS_Assumed_Geographic_1</identCode></refSysID></RefSystem></refSysInfo></metadata>
