<?xml version="1.0" encoding="ISO-8859-1"?>
<metadata>
	<idinfo>
		<citation>
			<citeinfo>
				<origin>World Resources Institute</origin>
				<pubdate>2004</pubdate>
				<title>Integrated threat in the Wider Caribbean - the Reefs at Risk Threat Index (polygon)</title>
				<geoform Sync="TRUE">vector digital data</geoform>
				<pubinfo>
					<pubplace>Washington D.C., United States</pubplace>
					<publish>World Resources Institute</publish>
				</pubinfo>
				<ftname Sync="TRUE">threat_int</ftname><serinfo><sername>Reefs at Risk in the Caribbean</sername></serinfo><lworkcit><citeinfo><title>L. Burke and J. Maidens "Reefs at Risk in the Caribbean," (Washington DC, USA: World Resources Institute, 2004)</title></citeinfo></lworkcit><onlink>http://reefsatrisk.wri.org</onlink></citeinfo>
		</citation>
		<descript>
			<abstract>To capture cumulative threat in a given location, the four threats in the Reefs at Risk Caribbean analysis - coastal development, marine-based, sedimentation and overfishing - were integrated into a single index - the Reefs at Risk Threat Index. </abstract>
			<purpose>The indicators developed by the Reefs at Risk in the Caribbean project enable detailed comparative analyses of threats on many scales. The Reefs at Risk indicators are a simplification of human activities and complex natural processes.</purpose>
			<langdata Sync="TRUE">en</langdata><supplinf>The threat indicators gauge current and potential risks associated with human activities. A strength of the analysis lies in its use of regionally consistent data sets to develop regionally consistent indicators of human pressure on coral reefs. However, the model is not perfect, and omissions and other errors in the data sets are inevitable.</supplinf></descript>
		<timeperd>
			<timeinfo>
				<sngdate>
					<caldate>unknown</caldate>
				</sngdate>
			</timeinfo>
			<current>publication date</current>
		</timeperd>
		<status>
			<progress>Complete</progress>
			<update>None planned</update>
		</status>
		<spdom>
			<bounding>
				<westbc Sync="TRUE">-105.224258</westbc><eastbc Sync="TRUE">-52.606881</eastbc><northbc Sync="TRUE">35.245384</northbc><southbc Sync="TRUE">2.492500</southbc></bounding>
			<lboundng><leftbc Sync="TRUE">-105.224258</leftbc><rightbc Sync="TRUE">-52.606881</rightbc><bottombc Sync="TRUE">2.492500</bottombc><topbc Sync="TRUE">35.245384</topbc></lboundng></spdom>
		<keywords>
			<place><placekey>caribbean</placekey><placekey>central america</placekey><placekey>south america</placekey><placekey>north america</placekey><placekey>insular caribbean</placekey><placekey>gulf of mexico</placekey></place><theme><themekey>coral reefs</themekey><themekey>threat</themekey><themekey>pressure</themekey><themekey>integrated</themekey><themekey>coastal devlopment</themekey><themekey>marine-based</themekey><themekey>overfishing</themekey><themekey>sedimentation</themekey></theme></keywords>
		<accconst>None</accconst>
		<useconst>Data set is not for use in litigation. While efforts have been made to ensure that these data are accurate and reliable within the state of the art, WRI, cannot assume liability for any damages, or misrepresentations, caused by any inaccuracies in the data, or as a result of the data to be used on a particular system. WRI makes no warranty, expressed or implied, nor does the fact of distribution constitute such a warranty.</useconst>
		<ptcontac>
			<cntinfo>
				<cntperp>
					<cntper>GIS Lab Manager</cntper>
					<cntorg>World Resources Institute</cntorg>
				</cntperp>
				<cntaddr>
					<addrtype>mailing and physical address</addrtype>
					<address>10 G Street NE Suite 800</address>
					<city>Washington DC</city>
					<state>District of Columbia</state>
					<postal>20002</postal>
					<country>United States</country>
				</cntaddr>
				<cntvoice>202 729 7600</cntvoice>
				<cntfax>202 729 7775</cntfax>
				<cntemail>reefsatrisk@wri.org</cntemail>
				<hours>9am - 5pm EST</hours>
			</cntinfo>
		</ptcontac>
		<native Sync="TRUE">Microsoft Windows 2000 Version 5.0 (Build 2195) Service Pack 2; ESRI ArcCatalog 9.0.0.535</native>
		<natvform Sync="TRUE">Shapefile</natvform></idinfo>
	<dataqual>
		<attracc></attracc>
		<posacc>
			<horizpa></horizpa>
			<vertacc></vertacc>
		</posacc>
		<lineage>
			<procstep><srcused>World Resources Institute, Overfishing threat in the Wider Caribbean, 2004.</srcused><srcused>World Resources Institute, Coastal development threat in the Wider Caribbean, 2004.</srcused><srcused>World Resources Institute, Marine-based threat in the Wider Caribbean, 2004.</srcused><srcused>World Resources Institute, Threat from watershed-based sources of sedimentation and pollution in the Wider Caribbean, 2004.</srcused><procdesc>The four threats in the Reefs at Risk analysis - coastal development, marine-based, sedimentation and overfishing - were integrated into a single index - the Reefs at Risk Threat Index. For each reef unit (a 25-hectare square measuring 500 m on each side), the index is set to the highest threat value (low, medium,or high) recorded for any individual threat. To capture cumulative threat in a given location, the integrated index is designated as very high in areas where three or four individual threats were rated as high. In areas where at least three threats were rated as medium, the integrated index is set to high.</procdesc></procstep><procstep><procdesc Sync="TRUE">Metadata imported.</procdesc><srcused Sync="TRUE">C:\RRCARIB_CD2\GIS\Data_model\Threat_int\thr_int\metadata.xml</srcused><date Sync="TRUE">20050225</date><time Sync="TRUE">14300400</time></procstep><procstep><procdesc Sync="TRUE">Dataset copied.</procdesc><srcused Sync="TRUE">R:\DataCD\RRCARIB_CD\GIS\Data_model\Threat_int\threat_int</srcused><date Sync="TRUE">20050228</date><time Sync="TRUE">10501800</time></procstep></lineage>
	</dataqual>
	<spdoinfo>
		<direct Sync="TRUE">Vector</direct><rastinfo><rasttype Sync="TRUE">Grid Cell</rasttype><rowcount Sync="TRUE">3844</rowcount><colcount Sync="TRUE">5816</colcount><rastxsz Sync="TRUE">1000.000000</rastxsz><rastysz Sync="TRUE">1000.000000</rastysz><rastbpp Sync="TRUE">16</rastbpp><vrtcount Sync="TRUE">1</vrtcount><rastorig Sync="TRUE">Upper Left</rastorig><rastcmap Sync="TRUE">FALSE</rastcmap><rastcomp Sync="TRUE">Default</rastcomp><rastband Sync="TRUE">1</rastband><rastdtyp Sync="TRUE">matrix values</rastdtyp><rastplyr Sync="TRUE">FALSE</rastplyr><rastifor Sync="TRUE">ESRI GRID</rastifor></rastinfo><ptvctinf><esriterm Name="threat_int"><efeatyp Sync="TRUE">Simple</efeatyp><efeageom Sync="TRUE">Polygon</efeageom><esritopo Sync="TRUE">FALSE</esritopo><efeacnt Sync="TRUE">2082</efeacnt><spindex Sync="TRUE">TRUE</spindex><linrefer Sync="TRUE">FALSE</linrefer></esriterm><sdtsterm Name="threat_int"><sdtstype Sync="TRUE">G-polygon</sdtstype><ptvctcnt Sync="TRUE">2082</ptvctcnt></sdtsterm></ptvctinf></spdoinfo>
	<spref>
		<horizsys>
			<geodetic>
				<horizdn Sync="TRUE">North American Datum of 1927</horizdn>
				<ellips Sync="TRUE">Clarke 1866</ellips>
				<semiaxis Sync="TRUE">6378206.400000</semiaxis>
				<denflat Sync="TRUE">294.978698</denflat>
			</geodetic>
			<cordsysn><geogcsn Sync="TRUE">GCS_Assumed_Geographic_1</geogcsn></cordsysn><geograph><geogunit Sync="TRUE">Decimal degrees</geogunit><latres Sync="TRUE">0.000001</latres><longres Sync="TRUE">0.000001</longres></geograph></horizsys>
	</spref>
	<eainfo>
		<detailed Name="threat_int">
			<attr><attrlabl Sync="TRUE">FID</attrlabl><attalias Sync="TRUE">FID</attalias><attrtype Sync="TRUE">OID</attrtype><attwidth Sync="TRUE">4</attwidth><atprecis Sync="TRUE">0</atprecis><attscale Sync="TRUE">0</attscale><attrdef Sync="TRUE">Internal feature number.</attrdef><attrdefs Sync="TRUE">ESRI</attrdefs><attrdomv><udom Sync="TRUE">Sequential unique whole numbers that are automatically generated.</udom></attrdomv></attr><attr><attrlabl Sync="TRUE">Shape</attrlabl><attalias Sync="TRUE">Shape</attalias><attrtype Sync="TRUE">Number</attrtype><attwidth Sync="TRUE">10</attwidth><attrdef Sync="TRUE">Feature geometry.</attrdef><attrdefs Sync="TRUE">ESRI</attrdefs><attrdomv><udom Sync="TRUE">Coordinates defining the features.</udom></attrdomv></attr><enttyp>
				<enttypl Sync="TRUE">threat_int</enttypl>
				<enttypt Sync="TRUE">Feature Class</enttypt><enttypc Sync="TRUE">2082</enttypc></enttyp>
			<attr><attrlabl Sync="TRUE">VALUE</attrlabl><attalias Sync="TRUE">VALUE</attalias><attrtype Sync="TRUE">Number</attrtype><attwidth Sync="TRUE">10</attwidth><attrdomv><edom><edomv>1</edomv><edomvd>low</edomvd></edom><edom><edomv>100</edomv><edomvd>medium</edomvd></edom><edom><edomv>1000</edomv><edomvd>high</edomvd></edom><edom><edomv>1500</edomv><edomvd>very high</edomvd></edom></attrdomv><attrdef>threat level</attrdef></attr><attr><attrlabl Sync="TRUE">THREAT</attrlabl><attalias Sync="TRUE">THREAT</attalias><attrtype Sync="TRUE">String</attrtype><attwidth Sync="TRUE">10</attwidth></attr></detailed>
	</eainfo>
	<distinfo>
		<resdesc>Downloadable Data</resdesc>
		<stdorder>
			<digform>
				<digtinfo>
					<transize Sync="TRUE">0.898</transize>
					<dssize Sync="TRUE">0.898</dssize></digtinfo>
			</digform>
		</stdorder>
	</distinfo>
	<metainfo>
		<metd Sync="TRUE">20050225</metd>
		<metc>
			<cntinfo>
				<cntorgp>
					<cntorg>World Resources Institute</cntorg>
				</cntorgp>
				<cntaddr>
					<addrtype>10 G Street, NE Suite # 800</addrtype>
					<city>Washington, DC</city>
					<state>District of Columbia</state>
					<postal>20002</postal>
					<country>United States</country></cntaddr>
				<cntvoice>202 729 7600</cntvoice>
				<cntfax>202 729 7775</cntfax>
				<cntemail>reefsatrisk@wri.org</cntemail>
			</cntinfo>
		</metc>
		<metstdn Sync="TRUE">FGDC Content Standards for Digital Geospatial Metadata</metstdn>
		<metstdv Sync="TRUE">FGDC-STD-001-1998</metstdv>
		<mettc Sync="TRUE">local time</mettc>
		<langmeta Sync="TRUE">en</langmeta><metextns><onlink Sync="TRUE">http://www.esri.com/metadata/esriprof80.html</onlink><metprof Sync="TRUE">ESRI Metadata Profile</metprof></metextns></metainfo>
	<Esri><CreaDate>20050228</CreaDate><CreaTime>10501800</CreaTime><SyncOnce>FALSE</SyncOnce><SyncDate>20050225</SyncDate><SyncTime>14333100</SyncTime><ModDate>20050225</ModDate><ModTime>14333100</ModTime><MetaID>{9599FA72-0958-47D5-84F5-9F89674BFFD7}</MetaID></Esri><dataIdInfo><envirDesc Sync="TRUE">Microsoft Windows 2000 Version 5.0 (Build 2195) Service Pack 2; ESRI ArcCatalog 9.0.0.535</envirDesc><dataLang><languageCode Sync="TRUE" value="en"></languageCode></dataLang><idCitation><resTitle Sync="TRUE">threat_int</resTitle><presForm><PresFormCd Sync="TRUE" value="005"></PresFormCd></presForm></idCitation><spatRpType><SpatRepTypCd Sync="TRUE" value="001"></SpatRepTypCd></spatRpType><dataExt><geoEle><GeoBndBox esriExtentType="native"><westBL Sync="TRUE">-105.224258</westBL><eastBL Sync="TRUE">-52.606881</eastBL><northBL Sync="TRUE">35.245384</northBL><southBL Sync="TRUE">2.4925</southBL><exTypeCode Sync="TRUE">1</exTypeCode></GeoBndBox></geoEle></dataExt><geoBox esriExtentType="decdegrees"><westBL Sync="TRUE">-105.224258</westBL><eastBL Sync="TRUE">-52.606881</eastBL><northBL Sync="TRUE">35.245384</northBL><southBL Sync="TRUE">2.4925</southBL><exTypeCode Sync="TRUE">1</exTypeCode></geoBox></dataIdInfo><mdLang><languageCode Sync="TRUE" value="en"></languageCode></mdLang><mdStanName Sync="TRUE">ISO 19115 Geographic Information - Metadata</mdStanName><mdStanVer Sync="TRUE">DIS_ESRI1.0</mdStanVer><mdChar><CharSetCd Sync="TRUE" value="004"></CharSetCd></mdChar><mdHrLv><ScopeCd Sync="TRUE" value="005"></ScopeCd></mdHrLv><mdHrLvName Sync="TRUE">dataset</mdHrLvName><distInfo><distributor><distorTran><onLineSrc><orDesc Sync="TRUE">002</orDesc><linkage Sync="TRUE">file://\\MAGELLAN\VOL1\gis\Working\R@R-CB\data_download\vector\threat_int</linkage><protocol Sync="TRUE">Local Area Network</protocol></onLineSrc><transSize Sync="TRUE">0.898</transSize></distorTran><distorFormat><formatName Sync="TRUE">Shapefile</formatName></distorFormat></distributor></distInfo><spatRepInfo><GridSpatRep><numDims Sync="TRUE">2</numDims><cellGeo><CellGeoCd Sync="TRUE" value="002"></CellGeoCd></cellGeo><tranParaAv Sync="TRUE">1</tranParaAv><axDimProps><Dimen><dimName><DimNameTypCd Sync="TRUE" value="002"></DimNameTypCd></dimName><dimSize Sync="TRUE">5816</dimSize><dimResol><value Sync="TRUE">1000</value><uom><UomLength><uomName Sync="TRUE">unknown</uomName></UomLength></uom></dimResol></Dimen><Dimen><dimName><DimNameTypCd Sync="TRUE" value="001"></DimNameTypCd></dimName><dimSize Sync="TRUE">3844</dimSize><dimResol><value Sync="TRUE">1000</value><uom><UomLength><uomName Sync="TRUE">unknown</uomName></UomLength></uom></dimResol></Dimen></axDimProps></GridSpatRep><VectSpatRep><topLvl><TopoLevCd Sync="TRUE" value="001"></TopoLevCd></topLvl><geometObjs Name="threat_int"><geoObjTyp><GeoObjTypCd Sync="TRUE" value="001"></GeoObjTypCd></geoObjTyp><geoObjCnt Sync="TRUE">2082</geoObjCnt></geometObjs></VectSpatRep></spatRepInfo><mdDateSt Sync="TRUE">20050225</mdDateSt><refSysInfo><RefSystem><refSysID><identCode Sync="TRUE">GCS_Assumed_Geographic_1</identCode></refSysID></RefSystem></refSysInfo></metadata>
